{
  "coords": [
    [
      37.6788056,
      -122.2880726
    ],
    [ 40.43,
      -74.0
    ],
    [
      53.24,
      -6.6
    ],
    [
      31.12,
      121.30
    ],
    [
      18.9750,
      72.8258
    ]
  ],
  "names": [
    "San Francisco",
    "New York",
    "Dublin",
    "Shanghai",
    "Mumbai"
  ],
  "morale":[
    1,1,1,1,1
  ],
  "productivity":[
    10,8,8,10,10
  ],
  "costPerCycle":[
    9000,8000,6000,1500,500
  ]
}