{
    "coords": [
      [
        37.6788056,
        -122.2880726
      ],
      [ 40.43,
        -74.0
      ],
      [
        53.24,
        -6.6
      ],
      [
        31.12,
        121.30
      ],
    ],
    "names": [
        "San Francisco",
        "New York",
        "Dublin",
        "Mumbai",
    ],
    "morale":[
      1,1,1,1
    ],
    "productivity":[
      10,8,8,10
    ],
    "costPerCycle":[
      200,100,400,40
    ],
}